NO,NAMA SKU,HARGA,JUMLAH PENJUALAN,HALAMAN
1,Sandal konichiwa,132000,0,1
2,Baju Kodok Piteku Panjang seri konichiwa,68000,0,1
3,KONICHIWA TUNIK,145000,1,1
4,Konichiwa jaket,105000,2,1
5,BAJU KAOS JEPANG KONICHIWA T-SHIRT,49999,1,1
6,Frame Frame kacamata minus round bulat konichiwa +lensa antiradiasi,79000,1,1
7,Colourpop x hello kitty lipstick (konichiwa),100000,0,1
8,Bedcover Set PREMOUM STAR DELUXE KONICHIWA,313975,0,1
9,KAOS TULISAN JEPANG/KONICHIWA/HURUF JEPANG,57000,0,1
10,BAJU KAOS JEPANG KONICHIWA MURAH,49900,3,1
11,konichiwa tunic,135000,0,1
12,Sprei Konichiwa By Soraya Bedsheet,270000,0,1
13,KONICHIWA OVERSIZE JACKET ZARA,139000,0,1
14,KERUDUNG INSTANT - KONICHIWA / QUILLAVERS / FASHION MUSLIM / WANITA HIJAB / BERGO / INSTANT / KHIMAR,55000,0,1
15,Konichiwa Tunic By My&Me,130000,0,1
16,Jaket Konichiwa Jeans,78000,0,1
17,Light Greentea Longsleeve & Konichiwa T-Shirt Big Size Murah Pakaian Lokal Fashion Atasan Baju Fit,56050,0,1
18,#Grosir GORDEN HORDENG KORDEN KOLONG DAPUR BAWAH MEJA KOMPOR WESTAFEL MOTIF KONICHIWA MURAH !!!!,86000,0,1
19,bedcover set star konichiwa,335000,0,1
20,Frame kacamata bulat konichiwa,49000,0,1
21,Sprei katun star motif konichiwa (asyha),115000,1,1
22,Kirim sekarang GORDEN HORDENG KORDEN KOLONG DAPUR BAWAH MEJA KOMPOR WESTAFEL MOTIF KONICHIWA MURAH 0,135000,0,1
23,Konichiwa Shirt,185000,0,1
24,Frame kacamata bulat konichiwa,49000,0,1
25,Konichiwa,145000,0,1
26,T1498 Kaos Tshirt Baju Combed 30S Distro Konichiwa,64321,0,1
27,sprei star konichiwa,110000,0,1
28,Buku Traveling Best Seller Konichiwa Japan!,58000,0,1
29,Sprei bahan katun lokal motif konichiwa,110000,1,1
30,SPREI KATUN SET BEDCOVER UKURAN 90x200-200x200 KONICHIWA,375000,0,1
31,Promo big sale OBRAL KAOS DISTRO PREMIUM JAPANESE KONICHIWA MURAH TERLARIS murah pake banget,62800,0,1
32,Konichiwa syari,195000,1,1
33,Konichiwa Tunik by My n Me,130000,0,1
34,Sandal konichiwa (ART. 0628),111000,0,1
35,GORDEN HORDENG KORDEN KOLONG DAPUR BAWAH MEJA KOMPOR WESTAFEL MOTIF KONICHIWA MURAH (ART. V0030),95000,0,1
36,Kaos Tshirt Baju Combed 30S Distro KONICHIWA kaos custom pria wanita,39900,0,1
37,sprei set katun premium motif konichiwa,100000,0,1
38,"6.6 Promo GORDEN HORDENG KORDEN KOLONG DAPUR BAWAH MEJA KOMPOR WESTAFEL MOTIF KONICHIWA MURAH ..,,,,",128000,0,1
39,Terbaik Kemeja Katun Konichiwa,141000,0,1
40,Kaos Lucu Design Konichiwa Japan Cute Japanese Cat 356290 shirt Premium,125000,0,1
41,"Top Produk>,!mgu-829   Sandal Konichiwa Abstract Pop - Navy Blue - Women",222000,0,1
42,Frame Kacamata Minus Konichiwa 8018 - anti radiasi New model _shop17,156000,0,1
43,Terlaris.. GORDEN HORDENG KORDEN KOLONG DAPUR BAWAH MEJA KOMPOR WESTAFEL MOTIF KONICHIWA MURAH,89000,0,1
44,Konichiwa Tunic#My&me,135000,1,1
45,Seprei katun motif konichiwa ukuran 120×200×20,135000,0,1
46,Souvenir jepang konichiwa japan pajangan jepang diameter 9cm best japan,21500,0,1
47,NVM975 GORDEN HORDENG KORDEN KOLONG DAPUR BAWAH MEJA KOMPOR WESTAFEL MOTIF KONICHIWA MURAH //!!,128000,0,1
48,KONICHIWA TUNIC,145000,0,1
49,KAOS JAPAN BIG SIZE 2XL 3XL 4XL 5XL XXL XXXXL XXXXXL JUMBO COMBED 30S PREMIUM DISTRO KONICHIWA,90000,0,1
50,Special Price.. GORDEN HORDENG KORDEN KOLONG DAPUR BAWAH MEJA KOMPOR WESTAFEL MOTIF KONICHIWA MURAH,97000,0,1
51,Frame kacamata minus Photocromic Konichiwa - Kacamata anti radiasi _shop17,210000,0,1
52,Pajangan lemari maldives souvenir maldives 9 cm ada juga japan konichiwa australia belanda kota suci,21500,0,1
53,❈ Kemeja Katun Konichiwa ♚,157000,0,1
54,"Sprei Star Katun Motif Konichiwa - (Bahan Nyaman, Lembut dan Tidak Berbulu)",125000,0,1
55,BEDCOVER SET KATUN STAR MOTIF KONICHIWA ,340000,0,1
56,BIG SALE GORDEN HORDENG KORDEN KOLONG DAPUR BAWAH MEJA KOMPOR WESTAFEL MOTIF KONICHIWA MURAH,90000,0,1
57,Jaminan!! COTTONBELLS ATASAN KEMEJA CASUAL WANITA KATUN KONICHIWA BUTTON POCKET SHIRT (LQ - B 11984),112000,0,1
58,✤ Kemeja Katun Konichiwa ◊,158000,0,1
59,Kaos Distro Cewekcowokbisa Konichiwa Ld 98Cm Cewek Santai Cowok Oblong,88000,0,1
60,Frame kacamata minus Photocromic Konichiwa - Kacamata anti radiasi _shop17,210000,0,1
61,Sandal konichiwa,132000,0,2
62,Baju Kodok Piteku Panjang seri konichiwa,68000,0,2
63,KONICHIWA TUNIK,145000,1,2
64,Konichiwa jaket,105000,2,2
65,BAJU KAOS JEPANG KONICHIWA T-SHIRT,49999,1,2
66,Frame Frame kacamata minus round bulat konichiwa +lensa antiradiasi,79000,1,2
67,Colourpop x hello kitty lipstick (konichiwa),100000,0,2
68,Bedcover Set PREMOUM STAR DELUXE KONICHIWA,313975,0,2
69,KAOS TULISAN JEPANG/KONICHIWA/HURUF JEPANG,57000,0,2
70,BAJU KAOS JEPANG KONICHIWA MURAH,49900,3,2
71,konichiwa tunic,135000,0,2
72,Sprei Konichiwa By Soraya Bedsheet,270000,0,2
73,KONICHIWA OVERSIZE JACKET ZARA,139000,0,2
74,KERUDUNG INSTANT - KONICHIWA / QUILLAVERS / FASHION MUSLIM / WANITA HIJAB / BERGO / INSTANT / KHIMAR,55000,0,2
75,Konichiwa Tunic By My&Me,130000,0,2
76,Jaket Konichiwa Jeans,78000,0,2
77,Light Greentea Longsleeve & Konichiwa T-Shirt Big Size Murah Pakaian Lokal Fashion Atasan Baju Fit,56050,0,2
78,#Grosir GORDEN HORDENG KORDEN KOLONG DAPUR BAWAH MEJA KOMPOR WESTAFEL MOTIF KONICHIWA MURAH !!!!,86000,0,2
79,bedcover set star konichiwa,335000,0,2
80,Frame kacamata bulat konichiwa,49000,0,2
81,Sprei katun star motif konichiwa (asyha),115000,1,2
82,Kirim sekarang GORDEN HORDENG KORDEN KOLONG DAPUR BAWAH MEJA KOMPOR WESTAFEL MOTIF KONICHIWA MURAH 0,135000,0,2
83,Konichiwa Shirt,185000,0,2
84,Konichiwa,145000,0,2
85,Frame kacamata bulat konichiwa,49000,0,2
86,sprei star konichiwa,110000,0,2
87,T1498 Kaos Tshirt Baju Combed 30S Distro Konichiwa,64321,0,2
88,Buku Traveling Best Seller Konichiwa Japan!,58000,0,2
89,Sprei bahan katun lokal motif konichiwa,110000,1,2
90,SPREI KATUN SET BEDCOVER UKURAN 90x200-200x200 KONICHIWA,375000,0,2
91,Promo big sale OBRAL KAOS DISTRO PREMIUM JAPANESE KONICHIWA MURAH TERLARIS murah pake banget,62800,0,2
92,Konichiwa syari,195000,1,2
93,Konichiwa Tunik by My n Me,130000,0,2
94,Sandal konichiwa (ART. 0628),111000,0,2
95,GORDEN HORDENG KORDEN KOLONG DAPUR BAWAH MEJA KOMPOR WESTAFEL MOTIF KONICHIWA MURAH (ART. V0030),95000,0,2
96,Kaos Tshirt Baju Combed 30S Distro KONICHIWA kaos custom pria wanita,39900,0,2
97,sprei set katun premium motif konichiwa,100000,0,2
98,"6.6 Promo GORDEN HORDENG KORDEN KOLONG DAPUR BAWAH MEJA KOMPOR WESTAFEL MOTIF KONICHIWA MURAH ..,,,,",128000,0,2
99,Terbaik Kemeja Katun Konichiwa,141000,0,2
100,Kaos Lucu Design Konichiwa Japan Cute Japanese Cat 356290 shirt Premium,125000,0,2
101,"Top Produk>,!mgu-829   Sandal Konichiwa Abstract Pop - Navy Blue - Women",222000,0,2
102,Frame Kacamata Minus Konichiwa 8018 - anti radiasi New model _shop17,156000,0,2
103,Terlaris.. GORDEN HORDENG KORDEN KOLONG DAPUR BAWAH MEJA KOMPOR WESTAFEL MOTIF KONICHIWA MURAH,89000,0,2
104,Konichiwa Tunic#My&me,135000,1,2
105,Seprei katun motif konichiwa ukuran 120×200×20,135000,0,2
106,Souvenir jepang konichiwa japan pajangan jepang diameter 9cm best japan,21500,0,2
107,NVM975 GORDEN HORDENG KORDEN KOLONG DAPUR BAWAH MEJA KOMPOR WESTAFEL MOTIF KONICHIWA MURAH //!!,128000,0,2
108,KONICHIWA TUNIC,145000,0,2
109,KAOS JAPAN BIG SIZE 2XL 3XL 4XL 5XL XXL XXXXL XXXXXL JUMBO COMBED 30S PREMIUM DISTRO KONICHIWA,90000,0,2
110,Special Price.. GORDEN HORDENG KORDEN KOLONG DAPUR BAWAH MEJA KOMPOR WESTAFEL MOTIF KONICHIWA MURAH,97000,0,2
111,Frame kacamata minus Photocromic Konichiwa - Kacamata anti radiasi _shop17,210000,0,2
112,Pajangan lemari maldives souvenir maldives 9 cm ada juga japan konichiwa australia belanda kota suci,21500,0,2
113,❈ Kemeja Katun Konichiwa ♚,157000,0,2
114,"Sprei Star Katun Motif Konichiwa - (Bahan Nyaman, Lembut dan Tidak Berbulu)",125000,0,2
115,BEDCOVER SET KATUN STAR MOTIF KONICHIWA ,340000,0,2
116,BIG SALE GORDEN HORDENG KORDEN KOLONG DAPUR BAWAH MEJA KOMPOR WESTAFEL MOTIF KONICHIWA MURAH,90000,0,2
117,Jaminan!! COTTONBELLS ATASAN KEMEJA CASUAL WANITA KATUN KONICHIWA BUTTON POCKET SHIRT (LQ - B 11984),112000,0,2
118,✤ Kemeja Katun Konichiwa ◊,158000,0,2
119,Kaos Distro Cewekcowokbisa Konichiwa Ld 98Cm Cewek Santai Cowok Oblong,88000,0,2
120,Frame kacamata minus Photocromic Konichiwa - Kacamata anti radiasi _shop17,210000,0,2
121,Sandal konichiwa,132000,0,3
122,Baju Kodok Piteku Panjang seri konichiwa,68000,0,3
123,KONICHIWA TUNIK,145000,1,3
124,Konichiwa jaket,105000,2,3
125,BAJU KAOS JEPANG KONICHIWA T-SHIRT,49999,1,3
126,Frame Frame kacamata minus round bulat konichiwa +lensa antiradiasi,79000,1,3
127,Colourpop x hello kitty lipstick (konichiwa),100000,0,3
128,Bedcover Set PREMOUM STAR DELUXE KONICHIWA,313975,0,3
129,KAOS TULISAN JEPANG/KONICHIWA/HURUF JEPANG,57000,0,3
130,BAJU KAOS JEPANG KONICHIWA MURAH,49900,3,3
131,konichiwa tunic,135000,0,3
132,Sprei Konichiwa By Soraya Bedsheet,270000,0,3
133,KONICHIWA OVERSIZE JACKET ZARA,139000,0,3
134,KERUDUNG INSTANT - KONICHIWA / QUILLAVERS / FASHION MUSLIM / WANITA HIJAB / BERGO / INSTANT / KHIMAR,55000,0,3
135,Konichiwa Tunic By My&Me,130000,0,3
136,Jaket Konichiwa Jeans,78000,0,3
137,Star 6.6 GORDEN HORDENG KORDEN KOLONG DAPUR BAWAH MEJA KOMPOR WESTAFEL MOTIF KONICHIWA MURAH,89000,0,3
138,Light Greentea Longsleeve & Konichiwa T-Shirt Big Size Murah Pakaian Lokal Fashion Atasan Baju Fit,56050,0,3
139,#Grosir GORDEN HORDENG KORDEN KOLONG DAPUR BAWAH MEJA KOMPOR WESTAFEL MOTIF KONICHIWA MURAH !!!!,86000,0,3
140,bedcover set star konichiwa,335000,0,3
141,Frame kacamata bulat konichiwa,49000,0,3
142,Sprei katun star motif konichiwa (asyha),115000,1,3
143,Kirim sekarang GORDEN HORDENG KORDEN KOLONG DAPUR BAWAH MEJA KOMPOR WESTAFEL MOTIF KONICHIWA MURAH 0,135000,0,3
144,Konichiwa Shirt,185000,0,3
145,Frame kacamata bulat konichiwa,49000,0,3
146,Konichiwa,145000,0,3
147,sprei star konichiwa,110000,0,3
148,T1498 Kaos Tshirt Baju Combed 30S Distro Konichiwa,64321,0,3
149,Buku Traveling Best Seller Konichiwa Japan!,58000,0,3
150,Sprei bahan katun lokal motif konichiwa,110000,1,3
151,SPREI KATUN SET BEDCOVER UKURAN 90x200-200x200 KONICHIWA,375000,0,3
152,Promo big sale OBRAL KAOS DISTRO PREMIUM JAPANESE KONICHIWA MURAH TERLARIS murah pake banget,62800,0,3
153,Konichiwa syari,195000,1,3
154,Konichiwa Tunik by My n Me,130000,0,3
155,Sandal konichiwa (ART. 0628),111000,0,3
156,GORDEN HORDENG KORDEN KOLONG DAPUR BAWAH MEJA KOMPOR WESTAFEL MOTIF KONICHIWA MURAH (ART. V0030),95000,0,3
157,Kaos Tshirt Baju Combed 30S Distro KONICHIWA kaos custom pria wanita,39900,0,3
158,sprei set katun premium motif konichiwa,100000,0,3
159,"6.6 Promo GORDEN HORDENG KORDEN KOLONG DAPUR BAWAH MEJA KOMPOR WESTAFEL MOTIF KONICHIWA MURAH ..,,,,",128000,0,3
160,Terbaik Kemeja Katun Konichiwa,141000,0,3
161,Kaos Lucu Design Konichiwa Japan Cute Japanese Cat 356290 shirt Premium,125000,0,3
162,"Top Produk>,!mgu-829   Sandal Konichiwa Abstract Pop - Navy Blue - Women",222000,0,3
163,Frame Kacamata Minus Konichiwa 8018 - anti radiasi New model _shop17,156000,0,3
164,Terlaris.. GORDEN HORDENG KORDEN KOLONG DAPUR BAWAH MEJA KOMPOR WESTAFEL MOTIF KONICHIWA MURAH,89000,0,3
165,Konichiwa Tunic#My&me,135000,1,3
166,Seprei katun motif konichiwa ukuran 120×200×20,135000,0,3
167,Souvenir jepang konichiwa japan pajangan jepang diameter 9cm best japan,21500,0,3
168,NVM975 GORDEN HORDENG KORDEN KOLONG DAPUR BAWAH MEJA KOMPOR WESTAFEL MOTIF KONICHIWA MURAH //!!,128000,0,3
169,KONICHIWA TUNIC,145000,0,3
170,KAOS JAPAN BIG SIZE 2XL 3XL 4XL 5XL XXL XXXXL XXXXXL JUMBO COMBED 30S PREMIUM DISTRO KONICHIWA,90000,0,3
171,Special Price.. GORDEN HORDENG KORDEN KOLONG DAPUR BAWAH MEJA KOMPOR WESTAFEL MOTIF KONICHIWA MURAH,97000,0,3
172,Frame kacamata minus Photocromic Konichiwa - Kacamata anti radiasi _shop17,210000,0,3
173,Pajangan lemari maldives souvenir maldives 9 cm ada juga japan konichiwa australia belanda kota suci,21500,0,3
174,❈ Kemeja Katun Konichiwa ♚,157000,0,3
175,"Sprei Star Katun Motif Konichiwa - (Bahan Nyaman, Lembut dan Tidak Berbulu)",125000,0,3
176,BEDCOVER SET KATUN STAR MOTIF KONICHIWA ,340000,0,3
177,BIG SALE GORDEN HORDENG KORDEN KOLONG DAPUR BAWAH MEJA KOMPOR WESTAFEL MOTIF KONICHIWA MURAH,90000,0,3
178,Jaminan!! COTTONBELLS ATASAN KEMEJA CASUAL WANITA KATUN KONICHIWA BUTTON POCKET SHIRT (LQ - B 11984),112000,0,3
179,✤ Kemeja Katun Konichiwa ◊,158000,0,3
180,Kaos Distro Cewekcowokbisa Konichiwa Ld 98Cm Cewek Santai Cowok Oblong,88000,0,3
181,Sandal konichiwa,132000,0,4
182,Baju Kodok Piteku Panjang seri konichiwa,68000,0,4
183,KONICHIWA TUNIK,145000,1,4
184,Konichiwa jaket,105000,2,4
185,BAJU KAOS JEPANG KONICHIWA T-SHIRT,49999,1,4
186,Frame Frame kacamata minus round bulat konichiwa +lensa antiradiasi,79000,1,4
187,Colourpop x hello kitty lipstick (konichiwa),100000,0,4
188,KAOS TULISAN JEPANG/KONICHIWA/HURUF JEPANG,57000,0,4
189,BAJU KAOS JEPANG KONICHIWA MURAH,49900,3,4
190,konichiwa tunic,135000,0,4
191,Sprei Konichiwa By Soraya Bedsheet,270000,0,4
192,KONICHIWA OVERSIZE JACKET ZARA,139000,0,4
193,KERUDUNG INSTANT - KONICHIWA / QUILLAVERS / FASHION MUSLIM / WANITA HIJAB / BERGO / INSTANT / KHIMAR,55000,0,4
194,Konichiwa Tunic By My&Me,130000,0,4
195,Jaket Konichiwa Jeans,78000,0,4
196,Star 6.6 GORDEN HORDENG KORDEN KOLONG DAPUR BAWAH MEJA KOMPOR WESTAFEL MOTIF KONICHIWA MURAH,89000,0,4
197,Light Greentea Longsleeve & Konichiwa T-Shirt Big Size Murah Pakaian Lokal Fashion Atasan Baju Fit,56050,0,4
198,#Grosir GORDEN HORDENG KORDEN KOLONG DAPUR BAWAH MEJA KOMPOR WESTAFEL MOTIF KONICHIWA MURAH !!!!,86000,0,4
199,Frame kacamata bulat konichiwa,49000,0,4
200,bedcover set star konichiwa,335000,0,4
201,Sprei katun star motif konichiwa (asyha),115000,1,4
202,Kirim sekarang GORDEN HORDENG KORDEN KOLONG DAPUR BAWAH MEJA KOMPOR WESTAFEL MOTIF KONICHIWA MURAH 0,135000,0,4
203,Konichiwa Shirt,185000,0,4
204,Konichiwa,145000,0,4
205,Frame kacamata bulat konichiwa,49000,0,4
206,sprei star konichiwa,110000,0,4
207,T1498 Kaos Tshirt Baju Combed 30S Distro Konichiwa,64321,0,4
208,Buku Traveling Best Seller Konichiwa Japan!,58000,0,4
209,Sprei bahan katun lokal motif konichiwa,110000,1,4
210,SPREI KATUN SET BEDCOVER UKURAN 90x200-200x200 KONICHIWA,375000,0,4
211,Promo big sale OBRAL KAOS DISTRO PREMIUM JAPANESE KONICHIWA MURAH TERLARIS murah pake banget,62800,0,4
212,Konichiwa syari,195000,1,4
213,Konichiwa Tunik by My n Me,130000,0,4
214,Sandal konichiwa (ART. 0628),111000,0,4
215,GORDEN HORDENG KORDEN KOLONG DAPUR BAWAH MEJA KOMPOR WESTAFEL MOTIF KONICHIWA MURAH (ART. V0030),95000,0,4
216,Kaos Tshirt Baju Combed 30S Distro KONICHIWA kaos custom pria wanita,39900,0,4
217,sprei set katun premium motif konichiwa,100000,0,4
218,"6.6 Promo GORDEN HORDENG KORDEN KOLONG DAPUR BAWAH MEJA KOMPOR WESTAFEL MOTIF KONICHIWA MURAH ..,,,,",128000,0,4
219,Terbaik Kemeja Katun Konichiwa,141000,0,4
220,Kaos Lucu Design Konichiwa Japan Cute Japanese Cat 356290 shirt Premium,125000,0,4
221,"Top Produk>,!mgu-829   Sandal Konichiwa Abstract Pop - Navy Blue - Women",222000,0,4
222,Frame Kacamata Minus Konichiwa 8018 - anti radiasi New model _shop17,156000,0,4
223,Terlaris.. GORDEN HORDENG KORDEN KOLONG DAPUR BAWAH MEJA KOMPOR WESTAFEL MOTIF KONICHIWA MURAH,89000,0,4
224,Konichiwa Tunic#My&me,135000,1,4
225,Seprei katun motif konichiwa ukuran 120×200×20,135000,0,4
226,Souvenir jepang konichiwa japan pajangan jepang diameter 9cm best japan,21500,0,4
227,NVM975 GORDEN HORDENG KORDEN KOLONG DAPUR BAWAH MEJA KOMPOR WESTAFEL MOTIF KONICHIWA MURAH //!!,128000,0,4
228,KONICHIWA TUNIC,145000,0,4
229,KAOS JAPAN BIG SIZE 2XL 3XL 4XL 5XL XXL XXXXL XXXXXL JUMBO COMBED 30S PREMIUM DISTRO KONICHIWA,90000,0,4
230,Special Price.. GORDEN HORDENG KORDEN KOLONG DAPUR BAWAH MEJA KOMPOR WESTAFEL MOTIF KONICHIWA MURAH,97000,0,4
231,Frame kacamata minus Photocromic Konichiwa - Kacamata anti radiasi _shop17,210000,0,4
232,Pajangan lemari maldives souvenir maldives 9 cm ada juga japan konichiwa australia belanda kota suci,21500,0,4
233,❈ Kemeja Katun Konichiwa ♚,157000,0,4
234,"Sprei Star Katun Motif Konichiwa - (Bahan Nyaman, Lembut dan Tidak Berbulu)",125000,0,4
235,BEDCOVER SET KATUN STAR MOTIF KONICHIWA ,340000,0,4
236,BIG SALE GORDEN HORDENG KORDEN KOLONG DAPUR BAWAH MEJA KOMPOR WESTAFEL MOTIF KONICHIWA MURAH,90000,0,4
237,Jaminan!! COTTONBELLS ATASAN KEMEJA CASUAL WANITA KATUN KONICHIWA BUTTON POCKET SHIRT (LQ - B 11984),112000,0,4
238,✤ Kemeja Katun Konichiwa ◊,158000,0,4
239,Kaos Distro Cewekcowokbisa Konichiwa Ld 98Cm Cewek Santai Cowok Oblong,88000,0,4
240,Frame kacamata minus Photocromic Konichiwa - Kacamata anti radiasi _shop17,210000,0,4
241,Sandal konichiwa,132000,0,5
242,Baju Kodok Piteku Panjang seri konichiwa,68000,0,5
243,KONICHIWA TUNIK,145000,1,5
244,Konichiwa jaket,105000,2,5
245,BAJU KAOS JEPANG KONICHIWA T-SHIRT,49999,1,5
246,Frame Frame kacamata minus round bulat konichiwa +lensa antiradiasi,79000,1,5
247,Colourpop x hello kitty lipstick (konichiwa),100000,0,5
248,Bedcover Set PREMOUM STAR DELUXE KONICHIWA,313975,0,5
249,KAOS TULISAN JEPANG/KONICHIWA/HURUF JEPANG,57000,0,5
250,BAJU KAOS JEPANG KONICHIWA MURAH,49900,3,5
251,konichiwa tunic,135000,0,5
252,Sprei Konichiwa By Soraya Bedsheet,270000,0,5
253,KONICHIWA OVERSIZE JACKET ZARA,139000,0,5
254,KERUDUNG INSTANT - KONICHIWA / QUILLAVERS / FASHION MUSLIM / WANITA HIJAB / BERGO / INSTANT / KHIMAR,55000,0,5
255,Konichiwa Tunic By My&Me,130000,0,5
256,Jaket Konichiwa Jeans,78000,0,5
257,Star 6.6 GORDEN HORDENG KORDEN KOLONG DAPUR BAWAH MEJA KOMPOR WESTAFEL MOTIF KONICHIWA MURAH,89000,0,5
258,Light Greentea Longsleeve & Konichiwa T-Shirt Big Size Murah Pakaian Lokal Fashion Atasan Baju Fit,56050,0,5
259,#Grosir GORDEN HORDENG KORDEN KOLONG DAPUR BAWAH MEJA KOMPOR WESTAFEL MOTIF KONICHIWA MURAH !!!!,86000,0,5
260,Frame kacamata bulat konichiwa,49000,0,5
261,bedcover set star konichiwa,335000,0,5
262,Sprei katun star motif konichiwa (asyha),115000,1,5
263,Kirim sekarang GORDEN HORDENG KORDEN KOLONG DAPUR BAWAH MEJA KOMPOR WESTAFEL MOTIF KONICHIWA MURAH 0,135000,0,5
264,Konichiwa Shirt,185000,0,5
265,Frame kacamata bulat konichiwa,49000,0,5
266,Konichiwa,145000,0,5
267,sprei star konichiwa,110000,0,5
268,T1498 Kaos Tshirt Baju Combed 30S Distro Konichiwa,64321,0,5
269,Buku Traveling Best Seller Konichiwa Japan!,58000,0,5
270,Sprei bahan katun lokal motif konichiwa,110000,1,5
271,SPREI KATUN SET BEDCOVER UKURAN 90x200-200x200 KONICHIWA,375000,0,5
272,Promo big sale OBRAL KAOS DISTRO PREMIUM JAPANESE KONICHIWA MURAH TERLARIS murah pake banget,62800,0,5
273,Konichiwa Tunik by My n Me,130000,0,5
274,Konichiwa syari,195000,1,5
275,Sandal konichiwa (ART. 0628),111000,0,5
276,GORDEN HORDENG KORDEN KOLONG DAPUR BAWAH MEJA KOMPOR WESTAFEL MOTIF KONICHIWA MURAH (ART. V0030),95000,0,5
277,Kaos Tshirt Baju Combed 30S Distro KONICHIWA kaos custom pria wanita,39900,0,5
278,sprei set katun premium motif konichiwa,100000,0,5
279,"6.6 Promo GORDEN HORDENG KORDEN KOLONG DAPUR BAWAH MEJA KOMPOR WESTAFEL MOTIF KONICHIWA MURAH ..,,,,",128000,0,5
280,Terbaik Kemeja Katun Konichiwa,141000,0,5
281,Kaos Lucu Design Konichiwa Japan Cute Japanese Cat 356290 shirt Premium,125000,0,5
282,"Top Produk>,!mgu-829   Sandal Konichiwa Abstract Pop - Navy Blue - Women",222000,0,5
283,Frame Kacamata Minus Konichiwa 8018 - anti radiasi New model _shop17,156000,0,5
284,Terlaris.. GORDEN HORDENG KORDEN KOLONG DAPUR BAWAH MEJA KOMPOR WESTAFEL MOTIF KONICHIWA MURAH,89000,0,5
285,Konichiwa Tunic#My&me,135000,1,5
286,Seprei katun motif konichiwa ukuran 120×200×20,135000,0,5
287,Souvenir jepang konichiwa japan pajangan jepang diameter 9cm best japan,21500,0,5
288,NVM975 GORDEN HORDENG KORDEN KOLONG DAPUR BAWAH MEJA KOMPOR WESTAFEL MOTIF KONICHIWA MURAH //!!,128000,0,5
289,KONICHIWA TUNIC,145000,0,5
290,KAOS JAPAN BIG SIZE 2XL 3XL 4XL 5XL XXL XXXXL XXXXXL JUMBO COMBED 30S PREMIUM DISTRO KONICHIWA,90000,0,5
291,Special Price.. GORDEN HORDENG KORDEN KOLONG DAPUR BAWAH MEJA KOMPOR WESTAFEL MOTIF KONICHIWA MURAH,97000,0,5
292,Frame kacamata minus Photocromic Konichiwa - Kacamata anti radiasi _shop17,210000,0,5
293,Pajangan lemari maldives souvenir maldives 9 cm ada juga japan konichiwa australia belanda kota suci,21500,0,5
294,❈ Kemeja Katun Konichiwa ♚,157000,0,5
295,"Sprei Star Katun Motif Konichiwa - (Bahan Nyaman, Lembut dan Tidak Berbulu)",125000,0,5
296,BEDCOVER SET KATUN STAR MOTIF KONICHIWA ,340000,0,5
297,BIG SALE GORDEN HORDENG KORDEN KOLONG DAPUR BAWAH MEJA KOMPOR WESTAFEL MOTIF KONICHIWA MURAH,90000,0,5
298,Jaminan!! COTTONBELLS ATASAN KEMEJA CASUAL WANITA KATUN KONICHIWA BUTTON POCKET SHIRT (LQ - B 11984),112000,0,5
299,✤ Kemeja Katun Konichiwa ◊,158000,0,5
300,Kaos Distro Cewekcowokbisa Konichiwa Ld 98Cm Cewek Santai Cowok Oblong,88000,0,5
301,Sandal konichiwa,132000,0,6
302,Baju Kodok Piteku Panjang seri konichiwa,68000,0,6
303,KONICHIWA TUNIK,145000,1,6
304,Konichiwa jaket,105000,2,6
305,BAJU KAOS JEPANG KONICHIWA T-SHIRT,49999,1,6
306,Frame Frame kacamata minus round bulat konichiwa +lensa antiradiasi,79000,1,6
307,Colourpop x hello kitty lipstick (konichiwa),100000,0,6
308,Bedcover Set PREMOUM STAR DELUXE KONICHIWA,313975,0,6
309,KAOS TULISAN JEPANG/KONICHIWA/HURUF JEPANG,57000,0,6
310,BAJU KAOS JEPANG KONICHIWA MURAH,49900,3,6
311,konichiwa tunic,135000,0,6
312,Sprei Konichiwa By Soraya Bedsheet,270000,0,6
313,KONICHIWA OVERSIZE JACKET ZARA,139000,0,6
314,KERUDUNG INSTANT - KONICHIWA / QUILLAVERS / FASHION MUSLIM / WANITA HIJAB / BERGO / INSTANT / KHIMAR,55000,0,6
315,Konichiwa Tunic By My&Me,130000,0,6
316,Jaket Konichiwa Jeans,78000,0,6
317,Star 6.6 GORDEN HORDENG KORDEN KOLONG DAPUR BAWAH MEJA KOMPOR WESTAFEL MOTIF KONICHIWA MURAH,89000,0,6
318,Light Greentea Longsleeve & Konichiwa T-Shirt Big Size Murah Pakaian Lokal Fashion Atasan Baju Fit,56050,0,6
319,#Grosir GORDEN HORDENG KORDEN KOLONG DAPUR BAWAH MEJA KOMPOR WESTAFEL MOTIF KONICHIWA MURAH !!!!,86000,0,6
320,bedcover set star konichiwa,335000,0,6
321,Frame kacamata bulat konichiwa,49000,0,6
322,Sprei katun star motif konichiwa (asyha),115000,1,6
323,Kirim sekarang GORDEN HORDENG KORDEN KOLONG DAPUR BAWAH MEJA KOMPOR WESTAFEL MOTIF KONICHIWA MURAH 0,135000,0,6
324,Konichiwa Shirt,185000,0,6
325,Frame kacamata bulat konichiwa,49000,0,6
326,Konichiwa,145000,0,6
327,sprei star konichiwa,110000,0,6
328,T1498 Kaos Tshirt Baju Combed 30S Distro Konichiwa,64321,0,6
329,Buku Traveling Best Seller Konichiwa Japan!,58000,0,6
330,Sprei bahan katun lokal motif konichiwa,110000,1,6
331,SPREI KATUN SET BEDCOVER UKURAN 90x200-200x200 KONICHIWA,375000,0,6
332,Promo big sale OBRAL KAOS DISTRO PREMIUM JAPANESE KONICHIWA MURAH TERLARIS murah pake banget,62800,0,6
333,Konichiwa Tunik by My n Me,130000,0,6
334,Konichiwa syari,195000,1,6
335,Sandal konichiwa (ART. 0628),111000,0,6
336,GORDEN HORDENG KORDEN KOLONG DAPUR BAWAH MEJA KOMPOR WESTAFEL MOTIF KONICHIWA MURAH (ART. V0030),95000,0,6
337,Kaos Tshirt Baju Combed 30S Distro KONICHIWA kaos custom pria wanita,39900,0,6
338,sprei set katun premium motif konichiwa,100000,0,6
339,"6.6 Promo GORDEN HORDENG KORDEN KOLONG DAPUR BAWAH MEJA KOMPOR WESTAFEL MOTIF KONICHIWA MURAH ..,,,,",128000,0,6
340,Terbaik Kemeja Katun Konichiwa,141000,0,6
341,Kaos Lucu Design Konichiwa Japan Cute Japanese Cat 356290 shirt Premium,125000,0,6
342,"Top Produk>,!mgu-829   Sandal Konichiwa Abstract Pop - Navy Blue - Women",222000,0,6
343,Frame Kacamata Minus Konichiwa 8018 - anti radiasi New model _shop17,156000,0,6
344,Terlaris.. GORDEN HORDENG KORDEN KOLONG DAPUR BAWAH MEJA KOMPOR WESTAFEL MOTIF KONICHIWA MURAH,89000,0,6
345,Konichiwa Tunic#My&me,135000,1,6
346,Seprei katun motif konichiwa ukuran 120×200×20,135000,0,6
347,Souvenir jepang konichiwa japan pajangan jepang diameter 9cm best japan,21500,0,6
348,NVM975 GORDEN HORDENG KORDEN KOLONG DAPUR BAWAH MEJA KOMPOR WESTAFEL MOTIF KONICHIWA MURAH //!!,128000,0,6
349,KONICHIWA TUNIC,145000,0,6
350,KAOS JAPAN BIG SIZE 2XL 3XL 4XL 5XL XXL XXXXL XXXXXL JUMBO COMBED 30S PREMIUM DISTRO KONICHIWA,90000,0,6
351,Special Price.. GORDEN HORDENG KORDEN KOLONG DAPUR BAWAH MEJA KOMPOR WESTAFEL MOTIF KONICHIWA MURAH,97000,0,6
352,Frame kacamata minus Photocromic Konichiwa - Kacamata anti radiasi _shop17,210000,0,6
353,Pajangan lemari maldives souvenir maldives 9 cm ada juga japan konichiwa australia belanda kota suci,21500,0,6
354,❈ Kemeja Katun Konichiwa ♚,157000,0,6
355,"Sprei Star Katun Motif Konichiwa - (Bahan Nyaman, Lembut dan Tidak Berbulu)",125000,0,6
356,BEDCOVER SET KATUN STAR MOTIF KONICHIWA ,340000,0,6
357,BIG SALE GORDEN HORDENG KORDEN KOLONG DAPUR BAWAH MEJA KOMPOR WESTAFEL MOTIF KONICHIWA MURAH,90000,0,6
358,Jaminan!! COTTONBELLS ATASAN KEMEJA CASUAL WANITA KATUN KONICHIWA BUTTON POCKET SHIRT (LQ - B 11984),112000,0,6
359,✤ Kemeja Katun Konichiwa ◊,158000,0,6
360,Kaos Distro Cewekcowokbisa Konichiwa Ld 98Cm Cewek Santai Cowok Oblong,88000,0,6
361,Sandal konichiwa,132000,0,7
362,Baju Kodok Piteku Panjang seri konichiwa,68000,0,7
363,KONICHIWA TUNIK,145000,1,7
364,Konichiwa jaket,105000,2,7
365,BAJU KAOS JEPANG KONICHIWA T-SHIRT,49999,1,7
366,Frame Frame kacamata minus round bulat konichiwa +lensa antiradiasi,79000,1,7
367,Colourpop x hello kitty lipstick (konichiwa),100000,0,7
368,Bedcover Set PREMOUM STAR DELUXE KONICHIWA,313975,0,7
369,KAOS TULISAN JEPANG/KONICHIWA/HURUF JEPANG,57000,0,7
370,BAJU KAOS JEPANG KONICHIWA MURAH,49900,3,7
371,konichiwa tunic,135000,0,7
372,Sprei Konichiwa By Soraya Bedsheet,270000,0,7
373,KONICHIWA OVERSIZE JACKET ZARA,139000,0,7
374,KERUDUNG INSTANT - KONICHIWA / QUILLAVERS / FASHION MUSLIM / WANITA HIJAB / BERGO / INSTANT / KHIMAR,55000,0,7
375,Konichiwa Tunic By My&Me,130000,0,7
376,Jaket Konichiwa Jeans,78000,0,7
377,Star 6.6 GORDEN HORDENG KORDEN KOLONG DAPUR BAWAH MEJA KOMPOR WESTAFEL MOTIF KONICHIWA MURAH,89000,0,7
378,Light Greentea Longsleeve & Konichiwa T-Shirt Big Size Murah Pakaian Lokal Fashion Atasan Baju Fit,56050,0,7
379,#Grosir GORDEN HORDENG KORDEN KOLONG DAPUR BAWAH MEJA KOMPOR WESTAFEL MOTIF KONICHIWA MURAH !!!!,86000,0,7
380,bedcover set star konichiwa,335000,0,7
381,Frame kacamata bulat konichiwa,49000,0,7
382,Sprei katun star motif konichiwa (asyha),115000,1,7
383,Kirim sekarang GORDEN HORDENG KORDEN KOLONG DAPUR BAWAH MEJA KOMPOR WESTAFEL MOTIF KONICHIWA MURAH 0,135000,0,7
384,Konichiwa Shirt,185000,0,7
385,Konichiwa,145000,0,7
386,Frame kacamata bulat konichiwa,49000,0,7
387,sprei star konichiwa,110000,0,7
388,T1498 Kaos Tshirt Baju Combed 30S Distro Konichiwa,64321,0,7
389,Buku Traveling Best Seller Konichiwa Japan!,58000,0,7
390,Sprei bahan katun lokal motif konichiwa,110000,1,7
391,SPREI KATUN SET BEDCOVER UKURAN 90x200-200x200 KONICHIWA,375000,0,7
392,Promo big sale OBRAL KAOS DISTRO PREMIUM JAPANESE KONICHIWA MURAH TERLARIS murah pake banget,62800,0,7
393,Konichiwa Tunik by My n Me,130000,0,7
394,Konichiwa syari,195000,1,7
395,Sandal konichiwa (ART. 0628),111000,0,7
396,GORDEN HORDENG KORDEN KOLONG DAPUR BAWAH MEJA KOMPOR WESTAFEL MOTIF KONICHIWA MURAH (ART. V0030),95000,0,7
397,Kaos Tshirt Baju Combed 30S Distro KONICHIWA kaos custom pria wanita,39900,0,7
398,sprei set katun premium motif konichiwa,100000,0,7
399,"6.6 Promo GORDEN HORDENG KORDEN KOLONG DAPUR BAWAH MEJA KOMPOR WESTAFEL MOTIF KONICHIWA MURAH ..,,,,",128000,0,7
400,Terbaik Kemeja Katun Konichiwa,141000,0,7
401,Kaos Lucu Design Konichiwa Japan Cute Japanese Cat 356290 shirt Premium,125000,0,7
402,"Top Produk>,!mgu-829   Sandal Konichiwa Abstract Pop - Navy Blue - Women",222000,0,7
403,Frame Kacamata Minus Konichiwa 8018 - anti radiasi New model _shop17,156000,0,7
404,Terlaris.. GORDEN HORDENG KORDEN KOLONG DAPUR BAWAH MEJA KOMPOR WESTAFEL MOTIF KONICHIWA MURAH,89000,0,7
405,Konichiwa Tunic#My&me,135000,1,7
406,Seprei katun motif konichiwa ukuran 120×200×20,135000,0,7
407,Souvenir jepang konichiwa japan pajangan jepang diameter 9cm best japan,21500,0,7
408,NVM975 GORDEN HORDENG KORDEN KOLONG DAPUR BAWAH MEJA KOMPOR WESTAFEL MOTIF KONICHIWA MURAH //!!,128000,0,7
409,KONICHIWA TUNIC,145000,0,7
410,KAOS JAPAN BIG SIZE 2XL 3XL 4XL 5XL XXL XXXXL XXXXXL JUMBO COMBED 30S PREMIUM DISTRO KONICHIWA,90000,0,7
411,Special Price.. GORDEN HORDENG KORDEN KOLONG DAPUR BAWAH MEJA KOMPOR WESTAFEL MOTIF KONICHIWA MURAH,97000,0,7
412,Frame kacamata minus Photocromic Konichiwa - Kacamata anti radiasi _shop17,210000,0,7
413,Pajangan lemari maldives souvenir maldives 9 cm ada juga japan konichiwa australia belanda kota suci,21500,0,7
414,❈ Kemeja Katun Konichiwa ♚,157000,0,7
415,"Sprei Star Katun Motif Konichiwa - (Bahan Nyaman, Lembut dan Tidak Berbulu)",125000,0,7
416,BEDCOVER SET KATUN STAR MOTIF KONICHIWA ,340000,0,7
417,BIG SALE GORDEN HORDENG KORDEN KOLONG DAPUR BAWAH MEJA KOMPOR WESTAFEL MOTIF KONICHIWA MURAH,90000,0,7
418,Jaminan!! COTTONBELLS ATASAN KEMEJA CASUAL WANITA KATUN KONICHIWA BUTTON POCKET SHIRT (LQ - B 11984),112000,0,7
419,✤ Kemeja Katun Konichiwa ◊,158000,0,7
420,Kaos Distro Cewekcowokbisa Konichiwa Ld 98Cm Cewek Santai Cowok Oblong,88000,0,7
421,Sandal konichiwa,132000,0,8
422,Baju Kodok Piteku Panjang seri konichiwa,68000,0,8
423,KONICHIWA TUNIK,145000,1,8
424,Konichiwa jaket,105000,2,8
425,BAJU KAOS JEPANG KONICHIWA T-SHIRT,49999,1,8
426,Frame Frame kacamata minus round bulat konichiwa +lensa antiradiasi,79000,1,8
427,Colourpop x hello kitty lipstick (konichiwa),100000,0,8
428,Bedcover Set PREMOUM STAR DELUXE KONICHIWA,313975,0,8
429,KAOS TULISAN JEPANG/KONICHIWA/HURUF JEPANG,57000,0,8
430,BAJU KAOS JEPANG KONICHIWA MURAH,49900,3,8
431,konichiwa tunic,135000,0,8
432,Sprei Konichiwa By Soraya Bedsheet,270000,0,8
433,KONICHIWA OVERSIZE JACKET ZARA,139000,0,8
434,KERUDUNG INSTANT - KONICHIWA / QUILLAVERS / FASHION MUSLIM / WANITA HIJAB / BERGO / INSTANT / KHIMAR,55000,0,8
435,Konichiwa Tunic By My&Me,130000,0,8
436,Jaket Konichiwa Jeans,78000,0,8
437,Star 6.6 GORDEN HORDENG KORDEN KOLONG DAPUR BAWAH MEJA KOMPOR WESTAFEL MOTIF KONICHIWA MURAH,89000,0,8
438,Light Greentea Longsleeve & Konichiwa T-Shirt Big Size Murah Pakaian Lokal Fashion Atasan Baju Fit,56050,0,8
439,#Grosir GORDEN HORDENG KORDEN KOLONG DAPUR BAWAH MEJA KOMPOR WESTAFEL MOTIF KONICHIWA MURAH !!!!,86000,0,8
440,bedcover set star konichiwa,335000,0,8
441,Frame kacamata bulat konichiwa,49000,0,8
442,Sprei katun star motif konichiwa (asyha),115000,1,8
443,Kirim sekarang GORDEN HORDENG KORDEN KOLONG DAPUR BAWAH MEJA KOMPOR WESTAFEL MOTIF KONICHIWA MURAH 0,135000,0,8
444,Konichiwa Shirt,185000,0,8
445,Frame kacamata bulat konichiwa,49000,0,8
446,Konichiwa,145000,0,8
447,sprei star konichiwa,110000,0,8
448,T1498 Kaos Tshirt Baju Combed 30S Distro Konichiwa,64321,0,8
449,Buku Traveling Best Seller Konichiwa Japan!,58000,0,8
450,Sprei bahan katun lokal motif konichiwa,110000,1,8
451,SPREI KATUN SET BEDCOVER UKURAN 90x200-200x200 KONICHIWA,375000,0,8
452,Promo big sale OBRAL KAOS DISTRO PREMIUM JAPANESE KONICHIWA MURAH TERLARIS murah pake banget,62800,0,8
453,Konichiwa syari,195000,1,8
454,Konichiwa Tunik by My n Me,130000,0,8
455,Sandal konichiwa (ART. 0628),111000,0,8
456,GORDEN HORDENG KORDEN KOLONG DAPUR BAWAH MEJA KOMPOR WESTAFEL MOTIF KONICHIWA MURAH (ART. V0030),95000,0,8
457,Kaos Tshirt Baju Combed 30S Distro KONICHIWA kaos custom pria wanita,39900,0,8
458,sprei set katun premium motif konichiwa,100000,0,8
459,"6.6 Promo GORDEN HORDENG KORDEN KOLONG DAPUR BAWAH MEJA KOMPOR WESTAFEL MOTIF KONICHIWA MURAH ..,,,,",128000,0,8
460,Terbaik Kemeja Katun Konichiwa,141000,0,8
461,Kaos Lucu Design Konichiwa Japan Cute Japanese Cat 356290 shirt Premium,125000,0,8
462,"Top Produk>,!mgu-829   Sandal Konichiwa Abstract Pop - Navy Blue - Women",222000,0,8
463,Frame Kacamata Minus Konichiwa 8018 - anti radiasi New model _shop17,156000,0,8
464,Terlaris.. GORDEN HORDENG KORDEN KOLONG DAPUR BAWAH MEJA KOMPOR WESTAFEL MOTIF KONICHIWA MURAH,89000,0,8
465,Konichiwa Tunic#My&me,135000,1,8
466,Seprei katun motif konichiwa ukuran 120×200×20,135000,0,8
467,Souvenir jepang konichiwa japan pajangan jepang diameter 9cm best japan,21500,0,8
468,NVM975 GORDEN HORDENG KORDEN KOLONG DAPUR BAWAH MEJA KOMPOR WESTAFEL MOTIF KONICHIWA MURAH //!!,128000,0,8
469,KONICHIWA TUNIC,145000,0,8
470,KAOS JAPAN BIG SIZE 2XL 3XL 4XL 5XL XXL XXXXL XXXXXL JUMBO COMBED 30S PREMIUM DISTRO KONICHIWA,90000,0,8
471,Special Price.. GORDEN HORDENG KORDEN KOLONG DAPUR BAWAH MEJA KOMPOR WESTAFEL MOTIF KONICHIWA MURAH,97000,0,8
472,Frame kacamata minus Photocromic Konichiwa - Kacamata anti radiasi _shop17,210000,0,8
473,Pajangan lemari maldives souvenir maldives 9 cm ada juga japan konichiwa australia belanda kota suci,21500,0,8
474,❈ Kemeja Katun Konichiwa ♚,157000,0,8
475,"Sprei Star Katun Motif Konichiwa - (Bahan Nyaman, Lembut dan Tidak Berbulu)",125000,0,8
476,BEDCOVER SET KATUN STAR MOTIF KONICHIWA ,340000,0,8
477,BIG SALE GORDEN HORDENG KORDEN KOLONG DAPUR BAWAH MEJA KOMPOR WESTAFEL MOTIF KONICHIWA MURAH,90000,0,8
478,Jaminan!! COTTONBELLS ATASAN KEMEJA CASUAL WANITA KATUN KONICHIWA BUTTON POCKET SHIRT (LQ - B 11984),112000,0,8
479,✤ Kemeja Katun Konichiwa ◊,158000,0,8
480,Kaos Distro Cewekcowokbisa Konichiwa Ld 98Cm Cewek Santai Cowok Oblong,88000,0,8
481,Sandal konichiwa,132000,0,9
482,Baju Kodok Piteku Panjang seri konichiwa,68000,0,9
483,KONICHIWA TUNIK,145000,1,9
484,Konichiwa jaket,105000,2,9
485,BAJU KAOS JEPANG KONICHIWA T-SHIRT,49999,1,9
486,Frame Frame kacamata minus round bulat konichiwa +lensa antiradiasi,79000,1,9
487,Colourpop x hello kitty lipstick (konichiwa),100000,0,9
488,Bedcover Set PREMOUM STAR DELUXE KONICHIWA,313975,0,9
489,KAOS TULISAN JEPANG/KONICHIWA/HURUF JEPANG,57000,0,9
490,BAJU KAOS JEPANG KONICHIWA MURAH,49900,3,9
491,konichiwa tunic,135000,0,9
492,Sprei Konichiwa By Soraya Bedsheet,270000,0,9
493,KONICHIWA OVERSIZE JACKET ZARA,139000,0,9
494,KERUDUNG INSTANT - KONICHIWA / QUILLAVERS / FASHION MUSLIM / WANITA HIJAB / BERGO / INSTANT / KHIMAR,55000,0,9
495,Konichiwa Tunic By My&Me,130000,0,9
496,Jaket Konichiwa Jeans,78000,0,9
497,Star 6.6 GORDEN HORDENG KORDEN KOLONG DAPUR BAWAH MEJA KOMPOR WESTAFEL MOTIF KONICHIWA MURAH,89000,0,9
498,Light Greentea Longsleeve & Konichiwa T-Shirt Big Size Murah Pakaian Lokal Fashion Atasan Baju Fit,56050,0,9
499,#Grosir GORDEN HORDENG KORDEN KOLONG DAPUR BAWAH MEJA KOMPOR WESTAFEL MOTIF KONICHIWA MURAH !!!!,86000,0,9
500,Frame kacamata bulat konichiwa,49000,0,9
501,bedcover set star konichiwa,335000,0,9
502,Sprei katun star motif konichiwa (asyha),115000,1,9
503,Kirim sekarang GORDEN HORDENG KORDEN KOLONG DAPUR BAWAH MEJA KOMPOR WESTAFEL MOTIF KONICHIWA MURAH 0,135000,0,9
504,Konichiwa Shirt,185000,0,9
505,Konichiwa,145000,0,9
506,Frame kacamata bulat konichiwa,49000,0,9
507,sprei star konichiwa,110000,0,9
508,T1498 Kaos Tshirt Baju Combed 30S Distro Konichiwa,64321,0,9
509,Buku Traveling Best Seller Konichiwa Japan!,58000,0,9
510,Sprei bahan katun lokal motif konichiwa,110000,1,9
511,SPREI KATUN SET BEDCOVER UKURAN 90x200-200x200 KONICHIWA,375000,0,9
512,Promo big sale OBRAL KAOS DISTRO PREMIUM JAPANESE KONICHIWA MURAH TERLARIS murah pake banget,62800,0,9
513,Konichiwa Tunik by My n Me,130000,0,9
514,Konichiwa syari,195000,1,9
515,Sandal konichiwa (ART. 0628),111000,0,9
516,GORDEN HORDENG KORDEN KOLONG DAPUR BAWAH MEJA KOMPOR WESTAFEL MOTIF KONICHIWA MURAH (ART. V0030),95000,0,9
517,Kaos Tshirt Baju Combed 30S Distro KONICHIWA kaos custom pria wanita,39900,0,9
518,sprei set katun premium motif konichiwa,100000,0,9
519,"6.6 Promo GORDEN HORDENG KORDEN KOLONG DAPUR BAWAH MEJA KOMPOR WESTAFEL MOTIF KONICHIWA MURAH ..,,,,",128000,0,9
520,Terbaik Kemeja Katun Konichiwa,141000,0,9
521,Kaos Lucu Design Konichiwa Japan Cute Japanese Cat 356290 shirt Premium,125000,0,9
522,"Top Produk>,!mgu-829   Sandal Konichiwa Abstract Pop - Navy Blue - Women",222000,0,9
523,Frame Kacamata Minus Konichiwa 8018 - anti radiasi New model _shop17,156000,0,9
524,Terlaris.. GORDEN HORDENG KORDEN KOLONG DAPUR BAWAH MEJA KOMPOR WESTAFEL MOTIF KONICHIWA MURAH,89000,0,9
525,Konichiwa Tunic#My&me,135000,1,9
526,Seprei katun motif konichiwa ukuran 120×200×20,135000,0,9
527,Souvenir jepang konichiwa japan pajangan jepang diameter 9cm best japan,21500,0,9
528,NVM975 GORDEN HORDENG KORDEN KOLONG DAPUR BAWAH MEJA KOMPOR WESTAFEL MOTIF KONICHIWA MURAH //!!,128000,0,9
529,KONICHIWA TUNIC,145000,0,9
530,KAOS JAPAN BIG SIZE 2XL 3XL 4XL 5XL XXL XXXXL XXXXXL JUMBO COMBED 30S PREMIUM DISTRO KONICHIWA,90000,0,9
531,Special Price.. GORDEN HORDENG KORDEN KOLONG DAPUR BAWAH MEJA KOMPOR WESTAFEL MOTIF KONICHIWA MURAH,97000,0,9
532,Frame kacamata minus Photocromic Konichiwa - Kacamata anti radiasi _shop17,210000,0,9
533,Pajangan lemari maldives souvenir maldives 9 cm ada juga japan konichiwa australia belanda kota suci,21500,0,9
534,❈ Kemeja Katun Konichiwa ♚,157000,0,9
535,"Sprei Star Katun Motif Konichiwa - (Bahan Nyaman, Lembut dan Tidak Berbulu)",125000,0,9
536,BEDCOVER SET KATUN STAR MOTIF KONICHIWA ,340000,0,9
537,BIG SALE GORDEN HORDENG KORDEN KOLONG DAPUR BAWAH MEJA KOMPOR WESTAFEL MOTIF KONICHIWA MURAH,90000,0,9
538,Jaminan!! COTTONBELLS ATASAN KEMEJA CASUAL WANITA KATUN KONICHIWA BUTTON POCKET SHIRT (LQ - B 11984),112000,0,9
539,✤ Kemeja Katun Konichiwa ◊,158000,0,9
540,Kaos Distro Cewekcowokbisa Konichiwa Ld 98Cm Cewek Santai Cowok Oblong,88000,0,9
541,Sandal konichiwa,132000,0,10
542,Baju Kodok Piteku Panjang seri konichiwa,68000,0,10
543,KONICHIWA TUNIK,145000,1,10
544,Konichiwa jaket,105000,2,10
545,BAJU KAOS JEPANG KONICHIWA T-SHIRT,49999,1,10
546,Frame Frame kacamata minus round bulat konichiwa +lensa antiradiasi,79000,1,10
547,Colourpop x hello kitty lipstick (konichiwa),100000,0,10
548,KAOS TULISAN JEPANG/KONICHIWA/HURUF JEPANG,57000,0,10
549,BAJU KAOS JEPANG KONICHIWA MURAH,49900,3,10
550,konichiwa tunic,135000,0,10
551,Sprei Konichiwa By Soraya Bedsheet,270000,0,10
552,KONICHIWA OVERSIZE JACKET ZARA,139000,0,10
553,KERUDUNG INSTANT - KONICHIWA / QUILLAVERS / FASHION MUSLIM / WANITA HIJAB / BERGO / INSTANT / KHIMAR,55000,0,10
554,Konichiwa Tunic By My&Me,130000,0,10
555,Jaket Konichiwa Jeans,78000,0,10
556,Star 6.6 GORDEN HORDENG KORDEN KOLONG DAPUR BAWAH MEJA KOMPOR WESTAFEL MOTIF KONICHIWA MURAH,89000,0,10
557,Light Greentea Longsleeve & Konichiwa T-Shirt Big Size Murah Pakaian Lokal Fashion Atasan Baju Fit,56050,0,10
558,#Grosir GORDEN HORDENG KORDEN KOLONG DAPUR BAWAH MEJA KOMPOR WESTAFEL MOTIF KONICHIWA MURAH !!!!,86000,0,10
559,Frame kacamata bulat konichiwa,49000,0,10
560,bedcover set star konichiwa,335000,0,10
561,Sprei katun star motif konichiwa (asyha),115000,1,10
562,Kirim sekarang GORDEN HORDENG KORDEN KOLONG DAPUR BAWAH MEJA KOMPOR WESTAFEL MOTIF KONICHIWA MURAH 0,135000,0,10
563,Konichiwa Shirt,185000,0,10
564,Konichiwa,145000,0,10
565,Frame kacamata bulat konichiwa,49000,0,10
566,sprei star konichiwa,110000,0,10
567,T1498 Kaos Tshirt Baju Combed 30S Distro Konichiwa,64321,0,10
568,Buku Traveling Best Seller Konichiwa Japan!,58000,0,10
569,Sprei bahan katun lokal motif konichiwa,110000,1,10
570,SPREI KATUN SET BEDCOVER UKURAN 90x200-200x200 KONICHIWA,375000,0,10
571,Promo big sale OBRAL KAOS DISTRO PREMIUM JAPANESE KONICHIWA MURAH TERLARIS murah pake banget,62800,0,10
572,Konichiwa syari,195000,1,10
573,Konichiwa Tunik by My n Me,130000,0,10
574,Sandal konichiwa (ART. 0628),111000,0,10
575,GORDEN HORDENG KORDEN KOLONG DAPUR BAWAH MEJA KOMPOR WESTAFEL MOTIF KONICHIWA MURAH (ART. V0030),95000,0,10
576,Kaos Tshirt Baju Combed 30S Distro KONICHIWA kaos custom pria wanita,39900,0,10
577,sprei set katun premium motif konichiwa,100000,0,10
578,"6.6 Promo GORDEN HORDENG KORDEN KOLONG DAPUR BAWAH MEJA KOMPOR WESTAFEL MOTIF KONICHIWA MURAH ..,,,,",128000,0,10
579,Terbaik Kemeja Katun Konichiwa,141000,0,10
580,Kaos Lucu Design Konichiwa Japan Cute Japanese Cat 356290 shirt Premium,125000,0,10
581,"Top Produk>,!mgu-829   Sandal Konichiwa Abstract Pop - Navy Blue - Women",222000,0,10
582,Frame Kacamata Minus Konichiwa 8018 - anti radiasi New model _shop17,156000,0,10
583,Terlaris.. GORDEN HORDENG KORDEN KOLONG DAPUR BAWAH MEJA KOMPOR WESTAFEL MOTIF KONICHIWA MURAH,89000,0,10
584,Konichiwa Tunic#My&me,135000,1,10
585,Seprei katun motif konichiwa ukuran 120×200×20,135000,0,10
586,Souvenir jepang konichiwa japan pajangan jepang diameter 9cm best japan,21500,0,10
587,NVM975 GORDEN HORDENG KORDEN KOLONG DAPUR BAWAH MEJA KOMPOR WESTAFEL MOTIF KONICHIWA MURAH //!!,128000,0,10
588,KONICHIWA TUNIC,145000,0,10
589,KAOS JAPAN BIG SIZE 2XL 3XL 4XL 5XL XXL XXXXL XXXXXL JUMBO COMBED 30S PREMIUM DISTRO KONICHIWA,90000,0,10
590,Special Price.. GORDEN HORDENG KORDEN KOLONG DAPUR BAWAH MEJA KOMPOR WESTAFEL MOTIF KONICHIWA MURAH,97000,0,10
591,Frame kacamata minus Photocromic Konichiwa - Kacamata anti radiasi _shop17,210000,0,10
592,Pajangan lemari maldives souvenir maldives 9 cm ada juga japan konichiwa australia belanda kota suci,21500,0,10
593,❈ Kemeja Katun Konichiwa ♚,157000,0,10
594,"Sprei Star Katun Motif Konichiwa - (Bahan Nyaman, Lembut dan Tidak Berbulu)",125000,0,10
595,BEDCOVER SET KATUN STAR MOTIF KONICHIWA ,340000,0,10
596,BIG SALE GORDEN HORDENG KORDEN KOLONG DAPUR BAWAH MEJA KOMPOR WESTAFEL MOTIF KONICHIWA MURAH,90000,0,10
597,Jaminan!! COTTONBELLS ATASAN KEMEJA CASUAL WANITA KATUN KONICHIWA BUTTON POCKET SHIRT (LQ - B 11984),112000,0,10
598,✤ Kemeja Katun Konichiwa ◊,158000,0,10
599,Kaos Distro Cewekcowokbisa Konichiwa Ld 98Cm Cewek Santai Cowok Oblong,88000,0,10
600,Frame kacamata minus Photocromic Konichiwa - Kacamata anti radiasi _shop17,210000,0,10
